<?xml version="1.0" encoding="utf-8"?>
<AutoStore NSI_SIG2="B54DEEDF907B6415598C6C2E83FFD0DBF225C0CDC9E94F332CD11A6E18C684F7F8EC4648BBFFD564B12235811FC2425F">
	<Header Version="2" DateCreated="2017-03-01" TimeCreated="20:45:12" AUTHOR="" COMMENTS=""/>
	<KnowledgeObjects ObjID="3542864884-52416-20163-131-28">
		<KnowledgeObject ObjID="2785738320-55135-17016-182-154">
			<KnowledgeDocuments>
				<KnowledgeDocument Type="pdf" Name="sample.pdf" ObjID="3440781492-49323-18746-146-131" DocRef="1695288664-13759-19977-141-229.dat"/>
			</KnowledgeDocuments>
			<KnowledgeFields>
				<Field Name="PatientId" Value="141"/>
			</KnowledgeFields>
		</KnowledgeObject>
	</KnowledgeObjects>
</AutoStore>
